{
  "test_samples": 408,
  "mae": 4.363550662994385,
  "rmse": 5.7398786544799805,
  "mape": 28.371235728263855,
  "within_5min": 64.70588235294117,
  "within_10min": 91.91176470588235,
  "min_error": 0.0034227371215820312,
  "max_error": 20.512744903564453,
  "mean_actual": 20.039215087890625,
  "mean_predicted": 20.50472068786621
}