{
  "min_": -0.1041666716337204,
  "scale_": 0.02083333395421505,
  "data_min_": 5.0,
  "data_max_": 53.0,
  "data_range_": 48.0
}