{
  "admissions": {
    "hourly_admission": {
      "0": 0.051075268817204304,
      "1": 0.051075268817204304,
      "2": 0.04032258064516129,
      "3": 0.026881720430107527,
      "4": 0.03763440860215054,
      "5": 0.053763440860215055,
      "6": 0.051075268817204304,
      "7": 0.03494623655913978,
      "8": 0.043010752688172046,
      "9": 0.043010752688172046,
      "10": 0.01881720430107527,
      "11": 0.04032258064516129,
      "12": 0.021505376344086023,
      "13": 0.03225806451612903,
      "14": 0.043010752688172046,
      "15": 0.03763440860215054,
      "16": 0.026881720430107527,
      "17": 0.06720430107526881,
      "18": 0.07258064516129033,
      "19": 0.04032258064516129,
      "20": 0.0456989247311828,
      "21": 0.043010752688172046,
      "22": 0.03225806451612903,
      "23": 0.0456989247311828
    },
    "weekday_admission": {
      "0": 0.13172043010752688,
      "1": 0.14516129032258066,
      "2": 0.1424731182795699,
      "3": 0.13709677419354838,
      "4": 0.1532258064516129,
      "5": 0.12365591397849462,
      "6": 0.16666666666666666
    },
    "length_of_stay": {
      "mean": 265.56690036738354,
      "median": 260.6766977777778,
      "std": 125.79392085984851,
      "min": 48.33990361111111,
      "max": 478.0676094444445,
      "q25": 155.1551997916667,
      "q75": 382.70500395833335
    },
    "monthly_admission": {
      "1": 0.07795698924731183,
      "2": 0.08333333333333333,
      "3": 0.07526881720430108,
      "4": 0.07526881720430108,
      "5": 0.08064516129032258,
      "6": 0.07526881720430108,
      "7": 0.0913978494623656,
      "8": 0.06720430107526881,
      "9": 0.10215053763440861,
      "10": 0.07258064516129033,
      "11": 0.10215053763440861,
      "12": 0.0967741935483871
    },
    "readmission": {
      "single_admission": 0.04,
      "multiple_admissions": 0.96,
      "avg_admissions_per_patient": 3.72
    }
  },
  "patients": {
    "gender_distribution": {
      "Female": 0.52,
      "Male": 0.48
    },
    "age_distribution": {
      "mean": 67.25,
      "median": 66.5,
      "std": 17.579473222707183,
      "min": 36.0,
      "max": 103.0
    },
    "age_groups": {
      "0-18": 0.0,
      "19-35": 0.0,
      "36-50": 0.1875,
      "51-65": 0.3229166666666667,
      "65+": 0.4895833333333333
    },
    "marital_status": {
      "Married": 0.45,
      "Single": 0.32,
      "Divorced": 0.11,
      "Unknown": 0.06,
      "Separated": 0.05,
      "Widowed": 0.01
    }
  },
  "labs": {
    "hourly_labs": {
      "0": 0.0433,
      "1": 0.0408,
      "2": 0.0389,
      "3": 0.041,
      "4": 0.0391,
      "5": 0.0387,
      "6": 0.0428,
      "7": 0.0413,
      "8": 0.0437,
      "9": 0.0425,
      "10": 0.039,
      "11": 0.0401,
      "12": 0.0446,
      "13": 0.0461,
      "14": 0.0415,
      "15": 0.0427,
      "16": 0.0409,
      "17": 0.0417,
      "18": 0.0405,
      "19": 0.0434,
      "20": 0.0434,
      "21": 0.0417,
      "22": 0.041,
      "23": 0.0413
    },
    "common_labs": {
      "CBC: WHITE BLOOD CELL COUNT": 0.0301,
      "CBC: MEAN CORPUSCULAR VOLUME": 0.0297,
      "CBC: MCHC": 0.0296,
      "CBC: RED BLOOD CELL COUNT": 0.0294,
      "METABOLIC: TOTAL PROTEIN": 0.0294,
      "CBC: RDW": 0.0294,
      "URINALYSIS: WHITE BLOOD CELLS": 0.0293,
      "METABOLIC: POTASSIUM": 0.0293,
      "CBC: ABSOLUTE NEUTROPHILS": 0.0292,
      "METABOLIC: ALBUMIN": 0.0291,
      "CBC: NEUTROPHILS": 0.0291,
      "METABOLIC: CALCIUM": 0.029,
      "METABOLIC: ALT/SGPT": 0.0289,
      "CBC: LYMPHOCYTES": 0.0288,
      "METABOLIC: GLUCOSE": 0.0287,
      "URINALYSIS: PH": 0.0287,
      "METABOLIC: SODIUM": 0.0286,
      "CBC: MONOCYTES": 0.0286,
      "METABOLIC: CARBON DIOXIDE": 0.0286,
      "METABOLIC: CHLORIDE": 0.0286
    },
    "labs_per_admission": {
      "mean": 1428.5714285714287,
      "median": 1037.0,
      "std": 1330.3518152657787
    }
  },
  "queue_patterns": {
    "hourly_congestion": {
      "0": 0.8027858762552639,
      "1": 0.7860490227837166,
      "2": 0.6653493143289061,
      "3": 0.5444336464744627,
      "4": 0.6396933376525213,
      "5": 0.7989849908217255,
      "6": 0.7994385055609545,
      "7": 0.6274268437533744,
      "8": 0.7244789979483858,
      "9": 0.7164453082820429,
      "10": 0.450059388834899,
      "11": 0.6733830039952488,
      "12": 0.5145448655652737,
      "13": 0.6325666774646366,
      "14": 0.709750566893424,
      "15": 0.6637944066515494,
      "16": 0.5437641723356008,
      "17": 0.9540438397581253,
      "18": 1.0,
      "19": 0.6954756505776913,
      "20": 0.7494655004859085,
      "21": 0.7110895151711477,
      "22": 0.59842349638268,
      "23": 0.735406543569809
    },
    "weekday_patterns": {
      "0": 0.13172043010752688,
      "1": 0.14516129032258066,
      "2": 0.1424731182795699,
      "3": 0.13709677419354838,
      "4": 0.1532258064516129,
      "5": 0.12365591397849462,
      "6": 0.16666666666666666
    },
    "department_distribution": {
      "진단검사의학과": 0.48024090421582366,
      "내과": 0.20625360943816515,
      "정형외과": 0.12375216566289908,
      "X-ray실": 0.08250144377526605,
      "CT실": 0.06600115502021285,
      "MRI실": 0.04125072188763303
    },
    "wait_time_patterns": {
      "base_wait": 30,
      "min_wait": 5,
      "max_wait": 120,
      "emergency_factor": 0.3,
      "peak_multiplier": 1.9736807210756537
    },
    "age_patterns": {
      "0-18": 0.0,
      "19-35": 0.0,
      "36-50": 0.1875,
      "51-65": 0.3229166666666667,
      "65+": 0.4895833333333333
    },
    "gender_patterns": {
      "Female": 0.52,
      "Male": 0.48
    }
  }
}